<?xml version="1.0" encoding="utf-8"?>
<spells>
	<spelltype name="instant">
		<spell name="light healing" words="exura" primary="2" secondary="0" unique="0" level="9" mp="20" premium="false" soul="0" mlevel="0" condition=""/>
		<spell name="intense healing" words="exura gran" primary="2" secondary="0" unique="1" level="11" mp="70" premium="false" soul="0" mlevel="0" condition=""/>
		<spell name="ultimate healing" words="exura vita" primary="2" secondary="0" unique="2" level="20" mp="160" premium="false" soul="0" mlevel="0" condition=""/>
		<spell name="haste" words="utani hur" primary="3" secondary="0" unique="5" level="14" mp="60" premium="true" soul="0" mlevel="0" condition=""/>
		<spell name="summon creature" words="utevo res" primary="3" secondary="0" unique="8" level="25" mp="0" premium="false" soul="0" mlevel="0" condition="word"/>
		<spell name="light" words="utevo lux" primary="3" secondary="0" unique="9" level="8" mp="20" premium="false" soul="0" mlevel="0" condition=""/>
		<spell name="great light" words="utevo gran lux" primary="3" secondary="0" unique="10" level="13" mp="60" premium="false" soul="0" mlevel="0" condition=""/>
		<spell name="energy wave" words="exevo vis hur" primary="1" secondary="0" unique="12" level="38" mp="170" premium="false" soul="0" mlevel="0" condition="bigwave"/>
		<spell name="fire wave" words="exevo flam hur" primary="1" secondary="0" unique="18" level="18" mp="25" premium="false" soul="0" mlevel="0" condition="smallwave"/>
		<spell name="find person" words="exiva" primary="3" secondary="0" unique="19" level="8" mp="20" premium="false" soul="0" mlevel="0" condition="word"/>
		<spell name="energy beam" words="exevo vis lux" primary="1" secondary="0" unique="21" level="23" mp="40" premium="false" soul="0" mlevel="0" condition="smallbeam"/>
		<spell name="great energy beam" words="exevo gran vis lux" primary="1" secondary="0" unique="22" level="29" mp="110" premium="false" soul="0" mlevel="0" condition="bigbeam"/>
		<spell name="hell's core" words="exevo gran mas flam" primary="1" secondary="0" unique="23" level="60" mp="1100" premium="true" soul="0" mlevel="0" condition="5x5"/>
		<spell name="cure poison" words="exana pox" primary="2" secondary="0" unique="28" level="10" mp="30" premium="false" soul="0" mlevel="0" condition=""/>
		<spell name="salvation" words="exura gran san" primary="2" secondary="0" unique="35" level="60" mp="210" premium="true" soul="0" mlevel="0" condition=""/>
		<spell name="creature illusion" words="utevo res ina" primary="3" secondary="0" unique="37" level="23" mp="100" premium="false" soul="0" mlevel="0" condition="word"/>
		<spell name="strong haste" words="utani gran hur" primary="3" secondary="0" unique="38" level="20" mp="100" premium="true" soul="0" mlevel="0" condition=""/>
		<spell name="food" words="exevo pan" primary="3" secondary="0" unique="41" level="14" mp="120" premium="false" soul="0" mlevel="0" condition=""/>
		<spell name="strong ice wave" words="exevo gran frigo hur" primary="1" secondary="0" unique="42" level="40" mp="170" premium="true" soul="0" mlevel="0" condition="smallwave"/>
		<spell name="magic shield" words="utamo vita" primary="3" secondary="0" unique="43" level="14" mp="50" premium="false" soul="0" mlevel="0" condition=""/>
		<spell name="invisible" words="utana vid" primary="3" secondary="0" unique="44" level="35" mp="440" premium="false" soul="0" mlevel="0" condition=""/>
		<spell name="conjure poisoned arrow" words="exevo con pox" primary="3" secondary="0" unique="48" level="16" mp="130" premium="false" soul="0" mlevel="0" condition=""/>
		<spell name="conjure explosive arrow" words="exevo con flam" primary="3" secondary="0" unique="49" level="25" mp="290" premium="false" soul="0" mlevel="0" condition=""/>
		<spell name="conjure arrow" words="exevo con" primary="3" secondary="0" unique="50" level="13" mp="100" premium="false" soul="0" mlevel="0" condition=""/>
		<spell name="wrath of nature" words="exevo gran mas tera" primary="1" secondary="0" unique="55" level="55" mp="700" premium="true" soul="0" mlevel="0" condition="6x6"/>
		<spell name="strong ethereal spear" words="exori gran con" primary="1" secondary="0" unique="56" level="90" mp="55" premium="true" soul="0" mlevel="0" condition="7"/>
		<spell name="front sweep" words="exori min" primary="1" secondary="0" unique="58" level="70" mp="200" premium="true" soul="0" mlevel="0" condition="front"/>
		<spell name="brutal strike" words="exori ico" primary="1" secondary="0" unique="60" level="16" mp="30" premium="true" soul="0" mlevel="0" condition="1"/>
		<spell name="annihilation" words="exori gran ico" primary="1" secondary="0" unique="61" level="110" mp="300" premium="true" soul="0" mlevel="0" condition="5"/>
		<spell name="ultimate light" words="utevo vis lux" primary="3" secondary="0" unique="74" level="26" mp="140" premium="true" soul="0" mlevel="0" condition=""/>
		<spell name="magic rope" words="exani tera" primary="3" secondary="0" unique="75" level="9" mp="20" premium="true" soul="0" mlevel="0" condition=""/>
		<spell name="conjure bolt" words="exevo con mort" primary="3" secondary="0" unique="78" level="17" mp="140" premium="true" soul="0" mlevel="0" condition=""/>
		<spell name="berserk" words="exori" primary="1" secondary="0" unique="79" level="35" mp="115" premium="true" soul="0" mlevel="0" condition="1x1"/>
		<spell name="levitate" words="exani hur" primary="3" secondary="0" unique="80" level="12" mp="50" premium="true" soul="0" mlevel="0" condition="word"/>
		<spell name="mass healing" words="exura gran mas res" primary="2" secondary="0" unique="81" level="36" mp="150" premium="true" soul="0" mlevel="0" condition="3x3"/>
		<spell name="heal friend" words="exura sio" primary="2" secondary="0" unique="83" level="18" mp="140" premium="true" soul="0" mlevel="0" condition="word"/>
		<spell name="death strike" words="exori mort" primary="1" secondary="0" unique="86" level="16" mp="20" premium="true" soul="0" mlevel="0" condition="3"/>
		<spell name="energy strike" words="exori vis" primary="1" secondary="0" unique="87" level="12" mp="20" premium="true" soul="0" mlevel="0" condition="3"/>
		<spell name="flame strike" words="exori flam" primary="1" secondary="0" unique="88" level="14" mp="20" premium="true" soul="0" mlevel="0" condition="3"/>
		<spell name="cancel invisibility" words="exana ina" primary="3" secondary="0" unique="89" level="26" mp="200" premium="true" soul="0" mlevel="0" condition=""/>
		<spell name="enchant staff" words="exeta vis" primary="3" secondary="0" unique="91" level="41" mp="80" premium="true" soul="0" mlevel="0" condition=""/>
		<spell name="challenge" words="exeta res" primary="3" secondary="0" unique="92" level="20" mp="30" premium="true" soul="0" mlevel="0" condition="1x1"/>
		<spell name="conjure power bolt" words="exevo con vis" primary="3" secondary="0" unique="95" level="59" mp="700" premium="true" soul="0" mlevel="0" condition=""/>
		<spell name="fierce berserk" words="exori gran" primary="1" secondary="0" unique="104" level="90" mp="340" premium="true" soul="0" mlevel="0" condition="1x1"/>
		<spell name="groundshaker" words="exori mas" primary="1" secondary="0" unique="105" level="33" mp="160" premium="true" soul="0" mlevel="0" condition="3x3"/>
		<spell name="whirlwind throw" words="exori hur" primary="1" secondary="0" unique="106" level="28" mp="40" premium="true" soul="0" mlevel="0" condition="5"/>
		<spell name="conjure sniper arrow" words="exevo con hur" primary="3" secondary="0" unique="108" level="24" mp="160" premium="true" soul="0" mlevel="0" condition=""/>
		<spell name="conjure piercing bolt" words="exevo con grav" primary="3" secondary="0" unique="109" level="33" mp="180" premium="true" soul="0" mlevel="0" condition=""/>
		<spell name="enchant spear" words="exeta con" primary="3" secondary="0" unique="109" level="45" mp="350" premium="true" soul="0" mlevel="0" condition=""/>
		<spell name="ethereal spear" words="exori con" primary="1" secondary="0" unique="110" level="23" mp="25" premium="true" soul="0" mlevel="0" condition="7"/>
		<spell name="ice strike" words="exori frigo" primary="1" secondary="0" unique="111" level="15" mp="20" premium="true" soul="0" mlevel="0" condition="3"/>
		<spell name="terra strike" words="exori tera" primary="1" secondary="0" unique="112" level="13" mp="20" premium="true" soul="0" mlevel="0" condition="3"/>
		<spell name="eternal winter" words="exevo gran mas frigo" primary="1" secondary="0" unique="117" level="60" mp="1050" premium="true" soul="0" mlevel="0" condition="5x5"/>
		<spell name="rage of the skies" words="exevo gran mas vis" primary="1" secondary="0" unique="118" level="55" mp="600" premium="true" soul="0" mlevel="0" condition="6x6"/>
		<spell name="terra wave" words="exevo tera hur" primary="1" secondary="0" unique="119" level="38" mp="210" premium="false" soul="0" mlevel="0" condition="bigwave"/>
		<spell name="ice wave" words="exevo frigo hur" primary="1" secondary="0" unique="120" level="18" mp="25" premium="false" soul="0" mlevel="0" condition="smallwave"/>
		<spell name="divine missile" words="exori san" primary="1" secondary="0" unique="121" level="40" mp="20" premium="true" soul="0" mlevel="0" condition="4"/>
		<spell name="wound cleansing" words="exura ico" primary="2" secondary="0" unique="122" level="10" mp="40" premium="false" soul="0" mlevel="0" condition=""/>
		<spell name="divine caldera" words="exevo mas san" primary="1" secondary="0" unique="123" level="50" mp="160" premium="true" soul="0" mlevel="0" condition="3x3"/>
		<spell name="divine healing" words="exura san" primary="2" secondary="0" unique="124" level="35" mp="160" premium="false" soul="0" mlevel="0" condition=""/>
		<spell name="train party" words="utito mas sio" primary="3" secondary="0" unique="125" level="32" mp="0" premium="true" soul="0" mlevel="0" condition="3x3"/>
		<spell name="protect party" words="utamo mas sio" primary="3" secondary="0" unique="126" level="32" mp="0" premium="true" soul="0" mlevel="0" condition="3x3"/>
		<spell name="heal party" words="utura mas sio" primary="3" secondary="0" unique="127" level="32" mp="0" premium="true" soul="0" mlevel="0" condition="3x3"/>
		<spell name="enchant party" words="utori mas sio" primary="3" secondary="0" unique="128" level="32" mp="0" premium="true" soul="0" mlevel="0" condition="3x3"/>
		<spell name="charge" words="utani tempo hur" primary="3" secondary="0" unique="130" level="25" mp="100" premium="true" soul="0" mlevel="0" condition=""/>
		<spell name="protector" words="utamo tempo" primary="3" secondary="0" unique="131" level="55" mp="200" premium="true" soul="0" mlevel="0" condition=""/>
		<spell name="blood rage" words="utito tempo" primary="3" secondary="0" unique="132" level="60" mp="290" premium="true" soul="0" mlevel="0" condition=""/>
		<spell name="swift foot" words="utamo tempo san" primary="3" secondary="0" unique="133" level="55" mp="400" premium="true" soul="0" mlevel="0" condition=""/>
		<spell name="sharpshooter" words="utito tempo san" primary="3" secondary="0" unique="134" level="60" mp="450" premium="true" soul="0" mlevel="0" condition=""/>
		<spell name="ignite" words="utori flam" primary="1" secondary="0" unique="137" level="26" mp="30" premium="true" soul="0" mlevel="0" condition="3"/>
		<spell name="curse" words="utori mort" primary="1" secondary="0" unique="138" level="75" mp="30" premium="true" soul="0" mlevel="0" condition="3"/>
		<spell name="electrify" words="utori vis" primary="1" secondary="0" unique="139" level="34" mp="30" premium="true" soul="0" mlevel="0" condition="3"/>
		<spell name="inflict wound" words="utori kor" primary="1" secondary="0" unique="140" level="40" mp="30" premium="true" soul="0" mlevel="0" condition="3"/>
		<spell name="envenom" words="utori pox" primary="1" secondary="0" unique="141" level="50" mp="30" premium="true" soul="0" mlevel="0" condition="3"/>
		<spell name="holy flash" words="utori san" primary="1" secondary="0" unique="142" level="70" mp="50" premium="true" soul="0" mlevel="0" condition="3"/>
		<spell name="cure bleeding" words="exana kor" primary="2" secondary="0" unique="143" level="45" mp="30" premium="true" soul="0" mlevel="0" condition=""/>
		<spell name="cure burning" words="exana flam" primary="2" secondary="0" unique="144" level="30" mp="30" premium="true" soul="0" mlevel="0" condition=""/>
		<spell name="cure electrification" words="exana vis" primary="2" secondary="0" unique="145" level="22" mp="30" premium="true" soul="0" mlevel="0" condition=""/>
		<spell name="cure curse" words="exana mort" primary="2" secondary="0" unique="146" level="80" mp="40" premium="true" soul="0" mlevel="0" condition=""/>
		<spell name="physical strike" words="exori moe ico" primary="1" secondary="0" unique="147" level="16" mp="20" premium="true" soul="0" mlevel="0" condition="3"/>
		<spell name="lightning" words="exori amp vis" primary="1" secondary="4" unique="148" level="55" mp="60" premium="true" soul="0" mlevel="0" condition="5"/>
		<spell name="strong flame strike" words="exori gran flam" primary="1" secondary="4" unique="149" level="70" mp="60" premium="true" soul="0" mlevel="0" condition="3"/>
		<spell name="strong energy strike" words="exori gran vis" primary="1" secondary="4" unique="150" level="80" mp="60" premium="true" soul="0" mlevel="0" condition="3"/>
		<spell name="strong ice strike" words="exori gran frigo" primary="1" secondary="4" unique="151" level="80" mp="60" premium="true" soul="0" mlevel="0" condition="3"/>
		<spell name="strong terra strike" words="exori gran tera" primary="1" secondary="4" unique="152" level="70" mp="60" premium="true" soul="0" mlevel="0" condition="3"/>
		<spell name="ultimate flame strike" words="exori max flam" primary="1" secondary="0" unique="153" level="90" mp="100" premium="true" soul="0" mlevel="0" condition="3"/>
		<spell name="ultimate energy strike" words="exori max vis" primary="1" secondary="0" unique="154" level="100" mp="100" premium="true" soul="0" mlevel="0" condition="3"/>
		<spell name="ultimate ice strike" words="exori max frigo" primary="1" secondary="0" unique="155" level="100" mp="100" premium="true" soul="0" mlevel="0" condition="3"/>
		<spell name="ultimate terra strike" words="exori max tera" primary="1" secondary="0" unique="156" level="90" mp="100" premium="true" soul="0" mlevel="0" condition="3"/>
		<spell name="intense wound cleansing" words="exura gran ico" primary="2" secondary="0" unique="157" level="80" mp="200" premium="true" soul="0" mlevel="0" condition=""/>
		<spell name="recovery" words="utura" primary="2" secondary="0" unique="158" level="50" mp="75" premium="true" soul="0" mlevel="0" condition=""/>
		<spell name="intense recovery" words="utura gran" primary="2" secondary="0" unique="159" level="100" mp="165" premium="true" soul="0" mlevel="0" condition=""/>

		<spell name="apprentice's strike" words="exori min flam" primary="1" secondary="0" unique="168" level="1" mp="6" premium="false" soul="0" mlevel="0" condition=""/>
		<spell name="mud attack" words="exori infir tera" primary="1" secondary="0" unique="171" level="1" mp="6" premium="false" soul="0" mlevel="0" condition=""/>
		<spell name="chill out" words="exevo infir frigo hur" primary="1" secondary="0" unique="172" level="1" mp="8" premium="false" soul="0" mlevel="0" condition=""/>
		<spell name="arrow call" words="exevo infir con" primary="1" secondary="0" unique="175" level="1" mp="10" premium="false" soul="1" mlevel="0" condition=""/>
		<spell name="buzz" words="exori infir vis" primary="1" secondary="0" unique="176" level="1" mp="6" premium="false" soul="0" mlevel="0" condition=""/>
		<spell name="scorch" words="exevo infir flam hur" primary="1" secondary="0" unique="177" level="1" mp="8" premium="false" soul="0" mlevel="0" condition=""/>

		<spell name="magic patch" words="exura infir" primary="2" secondary="0" unique="173" level="1" mp="6" premium="false" soul="0" mlevel="0" condition=""/>
		<spell name="bruise bane" words="exura infir ico" primary="2" secondary="0" unique="174" level="1" mp="6" premium="false" soul="0" mlevel="0" condition=""/>
	</spelltype>
	<spelltype name="rune">

	</spelltype>
	<spelltype name="house">
		<spell name="invite guests" words="aleta sio" primary="0" secondary="0" unique="70" level="0" mp="0" premium="false" soul="0" mlevel="0" condition=""/>
		<spell name="invite subowners" words="aleta som" primary="0" secondary="0" unique="71" level="0" mp="0" premium="false" soul="0" mlevel="0" condition=""/>
		<spell name="kick guest" words="alana sio" primary="0" secondary="0" unique="72" level="0" mp="0" premium="false" soul="0" mlevel="0" condition=""/>
		<spell name="edit door" words="aleta grav" primary="0" secondary="0" unique="73" level="0" mp="0" premium="false" soul="0" mlevel="0" condition=""/>
	</spelltype>

	<modifier name="Haste" words="utani hur" time="31000" timers="true" flag="64" outfit="0"/>
	<modifier name="Haste" words="utani gran hur" time="20000" timers="true" flag="64" outfit="0"/>
	<modifier name="Haste" words="utani tempo hur" time="4000" timers="true" flag="64" outfit="0"/>
	<modifier name="Haste" words="utani tempo san" time="9000" timers="true" flag="64" outfit="0"/>

	<modifier name="Magic Shield" words="utamo vita" time="199000" timers="true" flag="16" outfit="0"/>
	<modifier name="Invisible" words="utana vid" time="199000" timers="true" flag="0" outfit="1"/>

	<modifier name="Protector" words="utamo tempo" time="12000" timers="true" flag="4096" outfit="0"/>
	<modifier name="Sharpshooter" words="utito tempo san" time="12000" timers="true" flag="4096" outfit="0"/>
	<modifier name="Blood Rage" words="utito tempo" time="12000" timers="true" flag="0" outfit="0"/>
	<modifier name="Recovery" words="utura" time="59000" timers="true" flag="0" outfit="0"/>
	<modifier name="Recovery" words="utura gran" time="59000" timers="true" flag="0" outfit="0"/>

	<vocational name="mage">
		<spell words="utani gran hur"/>
		<spell words="exori vis"/>
		<spell words="exori frigo"/>
		<spell words="exori flam"/>
		<spell words="exori tera"/>
		<spell words="exura vita"/>
		<spell words="utamo vita"/>
	</vocational>
	<vocational name="sorcerer">
		<spell words="exevo gran mas flam"/>
		<spell words="exevo gran mas vis"/>
		<spell words="exori mort"/>
		<spell words="exori amp vis"/>
		<spell words="exori gran vis"/>
		<spell words="utori vis"/>
		<spell words="utori mort"/>
		<spell words="utori flam"/>
		<spell words="exevo flam hur"/>
		<spell words="exevo vis lux"/>
		<spell words="exevo gran vis lux"/>
		<spell words="exevo vis hur"/>
	</vocational>
	<vocational name="druid">
		<spell words="exevo gran mas frigo"/>
		<spell words="exevo gran mas tera"/>
		<spell words="exori moe ico"/>
		<spell words="exori max frigo"/>
		<spell words="exori gran frigo"/>
		<spell words="exevo frigo hur"/>
		<spell words="exevo gran frigo hur"/>
		<spell words="utori pox"/>
		<spell words="exura gran mas res"/>
		<spell words="exana flam"/>
		<spell words="exana vis"/>
		<spell words="exevo tera hur"/>
	</vocational>
	<vocational name="knight">
		<spell words="exori"/>
		<spell words="exori min"/>
		<spell words="exori gran"/>
		<spell words="exori mas"/>
		<spell words="exura ico"/>
		<spell words="exura gran ico"/>
		<spell words="exori hur"/>
		<spell words="exori ico"/>
		<spell words="exori gran ico"/>
		<spell words="utori kor"/>
		<spell words="utito tempo"/>
		<spell words="utani tempo hur"/>
	</vocational>
	<vocational name="paladin">
		<spell words="exori san"/>
		<spell words="exori con"/>
		<spell words="exori gran con"/>
		<spell words="exevo mas san"/>
		<spell words="exura san"/>
		<spell words="exura gran san"/>
		<spell words="utito tempo san"/>
		<spell words="utamo tempo san"/>
		<spell words="utori san"/>
		<spell words="exana ina"/>
		<spell words="exana mort"/>
	</vocational>
</spells>

